id,first_name,last_name,email,gender,Company_Name
1,Carmine,Gascoyne,cgascoyne0@cam.ac.uk,Genderfluid,Mudo
2,Willey,Farnin,wfarnin1@ucoz.ru,Female,Skinte
3,Zacharie,Mowsdell,zmowsdell2@infoseek.co.jp,Polygender,Dabjam
4,Rodrick,Ryman,rryman3@fema.gov,Genderfluid,Photospace
5,Bendick,Covendon,bcovendon4@is.gd,Genderqueer,Myworks
6,Llewellyn,Ascraft,lascraft5@go.com,Agender,Wikizz
7,Alford,Asty,aasty6@slate.com,Genderfluid,Voomm
8,Caprice,Woodwind,cwoodwind7@springer.com,Male,Vipe
9,Cordelie,Effemy,ceffemy8@hud.gov,Agender,Divavu
10,Thomasina,Millett,tmillett9@deliciousdays.com,Non-binary,Edgetag
11,Melva,Jacquemard,mjacquemarda@craigslist.org,Female,Linktype
12,Ediva,Surgey,esurgeyb@scientificamerican.com,Non-binary,Tavu
13,Lynn,Summerson,lsummersonc@flickr.com,Agender,Skynoodle
14,Blithe,Dellenty,bdellentyd@icq.com,Male,Brightbean
15,Fara,Studholme,fstudholmee@vk.com,Male,Meetz
16,Shermy,O'Loughane,soloughanef@miitbeian.gov.cn,Male,Jaloo
17,Tatiana,Glasscott,tglasscottg@comsenz.com,Genderfluid,Podcat
18,Bordie,Dilleston,bdillestonh@oaic.gov.au,Genderfluid,Zoonder
19,Carina,Siely,csielyi@quantcast.com,Female,Skinix
20,Freddy,Ropars,froparsj@cam.ac.uk,Non-binary,Twitterbridge
21,Marcy,Matussow,mmatussowk@yahoo.co.jp,Agender,Zoombeat
22,Ber,Totman,btotmanl@biglobe.ne.jp,Genderfluid,Blogspan
23,Nanny,Novik,nnovikm@kickstarter.com,Female,Jabberbean
24,Annissa,Lorroway,alorrowayn@hc360.com,Male,Bluezoom
25,Jenda,Savage,jsavageo@typepad.com,Non-binary,Rhyzio
26,Eamon,Viger,evigerp@gmpg.org,Male,Devify
27,Dina,Kovelmann,dkovelmannq@cnbc.com,Bigender,Yozio
28,Alvin,Gribben,agribbenr@hhs.gov,Genderfluid,Gabtune
29,Maudie,Dollard,mdollards@uiuc.edu,Agender,Brainverse
30,Ricky,Smullin,rsmullint@salon.com,Male,Photobug
31,Goldarina,Bariball,gbariballu@free.fr,Female,Babbleblab
32,Fidelia,Van Der Hoog,fvanderhoogv@youku.com,Bigender,Skinix
33,Hedvige,Lindholm,hlindholmw@berkeley.edu,Genderqueer,Livefish
34,Jania,Janecek,jjanecekx@seattletimes.com,Agender,Jabberbean
35,Alexina,Bater,abatery@nature.com,Genderqueer,Avavee
36,Grazia,Goodinson,ggoodinsonz@xing.com,Polygender,Bubblebox
37,Rakel,Gofton,rgofton10@prnewswire.com,Non-binary,Oyondu
38,See,Pomery,spomery11@examiner.com,Female,Pixope
39,Joyous,Boliver,jboliver12@engadget.com,Male,Youspan
40,Robbie,Aguilar,raguilar13@sun.com,Genderfluid,Mudo
41,Elwood,Deegan,edeegan14@sciencedirect.com,Genderqueer,Livetube
42,Stearn,Bumpass,sbumpass15@soundcloud.com,Genderqueer,Tagfeed
43,Binni,Reach,breach16@google.cn,Non-binary,Trudoo
44,Betsy,Purslow,bpurslow17@hostgator.com,Genderfluid,Kazu
45,Elinore,Willcot,ewillcot18@usatoday.com,Polygender,Photofeed
46,Gigi,Fulger,gfulger19@about.me,Polygender,Twitterworks
47,Reynold,Elmhirst,relmhirst1a@usgs.gov,Polygender,Mynte
48,Shirleen,Desesquelle,sdesesquelle1b@cornell.edu,Agender,Dabvine
49,Meris,Thurling,mthurling1c@hostgator.com,Non-binary,Npath
50,Letisha,Astles,lastles1d@usnews.com,Bigender,Voonder
51,Dugald,Larkin,dlarkin1e@is.gd,Agender,Meezzy
52,Heidi,Gatward,hgatward1f@a8.net,Bigender,Skipfire
53,Onofredo,Oakenfall,ooakenfall1g@sfgate.com,Non-binary,Dynabox
54,Charlton,Mitton,cmitton1h@auda.org.au,Agender,Flashspan
55,Simona,Infantino,sinfantino1i@amazon.co.uk,Genderfluid,Trudeo
56,Rene,Mangham,rmangham1j@addtoany.com,Agender,Flipstorm
57,Irwinn,Sclater,isclater1k@geocities.com,Non-binary,Jayo
58,Peirce,Moses,pmoses1l@businessweek.com,Male,Blogtags
59,Dominick,Rubroe,drubroe1m@arizona.edu,Polygender,Jatri
60,Jarvis,Dake,jdake1n@dmoz.org,Female,Jabbersphere
61,Reube,Beaty,rbeaty1o@bravesites.com,Female,Meedoo
62,Barnard,Stuckey,bstuckey1p@i2i.jp,Female,Yakitri
63,Goldy,Willoughby,gwilloughby1q@google.com,Genderfluid,Gigabox
64,Christa,Antoszczyk,cantoszczyk1r@google.pl,Genderqueer,Skaboo
65,Trev,Sigge,tsigge1s@posterous.com,Bigender,Ooba
66,Jackquelin,Conquest,jconquest1t@nba.com,Genderfluid,Eadel
67,Kimbra,Mertsching,kmertsching1u@php.net,Female,Riffpath
68,Jeddy,Pharro,jpharro1v@hugedomains.com,Agender,Oozz
69,Dannie,Escala,descala1w@si.edu,Non-binary,Janyx
70,Gabriellia,Speare,gspeare1x@ucsd.edu,Polygender,Realcube
71,Claiborn,Jovicevic,cjovicevic1y@ucoz.ru,Agender,Riffpath
72,Andree,Braam,abraam1z@opensource.org,Non-binary,Yakitri
73,Kaela,Domek,kdomek20@nbcnews.com,Non-binary,Plajo
74,Valentia,MacNaughton,vmacnaughton21@list-manage.com,Female,Blogpad
75,Casandra,Scarsbrook,cscarsbrook22@stumbleupon.com,Bigender,Twinder
76,Anica,Pipet,apipet23@t.co,Bigender,Rhynoodle
77,Savina,Parkinson,sparkinson24@sbwire.com,Non-binary,Mymm
78,Kinny,Fitzroy,kfitzroy25@buzzfeed.com,Genderfluid,Skyble
79,Alvis,Feckey,afeckey26@shop-pro.jp,Female,Skyble
80,Homer,Crooke,hcrooke27@foxnews.com,Bigender,Twitterlist
81,Brendan,Shird,bshird28@constantcontact.com,Genderqueer,Yambee
82,Catharine,Guntrip,cguntrip29@smugmug.com,Polygender,Jabberstorm
83,Renado,Ghidoni,rghidoni2a@digg.com,Non-binary,Fanoodle
84,Kelila,Tomkins,ktomkins2b@uiuc.edu,Non-binary,Realcube
85,Sonia,Gwatkin,sgwatkin2c@cdbaby.com,Female,Cogidoo
86,Cosette,Rawlyns,crawlyns2d@cafepress.com,Polygender,Abata
87,Guy,Bladen,gbladen2e@usa.gov,Genderfluid,Photojam
88,Buiron,Fleischmann,bfleischmann2f@apache.org,Male,Zoomdog
89,Morganica,Ramsey,mramsey2g@prnewswire.com,Bigender,Topicware
90,Maura,Maulin,mmaulin2h@i2i.jp,Agender,Twinder
91,Jessika,Hargie,jhargie2i@addthis.com,Genderqueer,Blogtag
92,Gilligan,Lacer,glacer2j@globo.com,Male,Mydo
93,Pooh,Venditti,pvenditti2k@goo.ne.jp,Polygender,Skippad
94,Lisabeth,Stokey,lstokey2l@baidu.com,Genderqueer,Shuffletag
95,Mufi,Delaney,mdelaney2m@amazonaws.com,Genderfluid,Zooveo
96,Roberto,Bullough,rbullough2n@huffingtonpost.com,Polygender,Izio
97,Dall,Eplate,deplate2o@apple.com,Genderqueer,Dabfeed
98,Kahaleel,Ferrillio,kferrillio2p@miibeian.gov.cn,Polygender,Innotype
99,Britte,Rodda,brodda2q@infoseek.co.jp,Male,Devify
100,Jill,O'Lehane,jolehane2r@google.com,Non-binary,Skyba
101,Stacey,Syphus,ssyphus2s@comcast.net,Non-binary,Yotz
102,Fedora,Geekin,fgeekin2t@microsoft.com,Genderfluid,Twiyo
103,Latrena,Cowdery,lcowdery2u@omniture.com,Polygender,Meetz
104,Laina,Kuhne,lkuhne2v@wufoo.com,Genderfluid,Ozu
105,Anthia,Larway,alarway2w@princeton.edu,Non-binary,Realbuzz
106,Rinaldo,O'Nolan,ronolan2x@cbc.ca,Genderqueer,Skajo
107,Evangelia,Whyatt,ewhyatt2y@github.com,Male,Jaxnation
108,Rufus,Mitchel,rmitchel2z@histats.com,Polygender,Dabjam
109,Kaleena,Welling,kwelling30@addthis.com,Female,Lazz
110,Bertina,Yosifov,byosifov31@shop-pro.jp,Agender,Pixoboo
111,Sebastiano,Sammonds,ssammonds32@europa.eu,Male,Jaloo
112,Rebeca,Beasley,rbeasley33@redcross.org,Agender,Photospace
113,Eudora,Kolis,ekolis34@zdnet.com,Agender,Flashspan
114,Sioux,Radmer,sradmer35@apple.com,Polygender,Bluezoom
115,Stoddard,Hoy,shoy36@addthis.com,Genderfluid,Lazzy
116,Charyl,Greenan,cgreenan37@msu.edu,Bigender,Centizu
117,Esther,Knellen,eknellen38@technorati.com,Agender,Tambee
118,Beaufort,Veneur,bveneur39@nps.gov,Bigender,Feedfire
119,Ellis,Spere,espere3a@yellowpages.com,Non-binary,Ainyx
120,Elysha,Jime,ejime3b@miitbeian.gov.cn,Male,Devshare
121,Jolene,Insko,jinsko3c@wsj.com,Male,Vinte
122,Gianina,Scarsbrick,gscarsbrick3d@dedecms.com,Female,Tagopia
123,Saraann,Kitchinghan,skitchinghan3e@edublogs.org,Male,Dynava
124,Annis,Sanchiz,asanchiz3f@angelfire.com,Genderqueer,Thoughtblab
125,Berri,Vieyra,bvieyra3g@jalbum.net,Female,Bubblemix
126,Cacilie,Belton,cbelton3h@cargocollective.com,Polygender,Buzzster
127,Garry,Freezer,gfreezer3i@xrea.com,Genderfluid,Linkbridge
128,Sheila-kathryn,Massenhove,smassenhove3j@bloglines.com,Bigender,Kwideo
129,Dorry,Dunmore,ddunmore3k@reverbnation.com,Genderqueer,Jabbersphere
130,Cally,Southerill,csoutherill3l@state.gov,Non-binary,Eidel
131,Philippe,Maruska,pmaruska3m@phoca.cz,Genderfluid,Gigazoom
132,Ki,Birdwhistle,kbirdwhistle3n@mozilla.org,Non-binary,Buzzdog
133,Leone,Dumbelton,ldumbelton3o@baidu.com,Agender,Meezzy
134,Aurilia,Sealey,asealey3p@slideshare.net,Non-binary,Feedfire
135,Cullan,De Luna,cdeluna3q@nps.gov,Genderfluid,Skipstorm
136,Cointon,Guarin,cguarin3r@marriott.com,Bigender,Dabshots
137,Alleen,Hamlington,ahamlington3s@amazonaws.com,Non-binary,Flipbug
138,Dita,Ullrich,dullrich3t@bbb.org,Female,Yodoo
139,Reade,Allmond,rallmond3u@technorati.com,Agender,Gabtune
140,Lay,Cullinan,lcullinan3v@furl.net,Male,Wikizz
141,Doti,Keene,dkeene3w@bandcamp.com,Non-binary,Skidoo
142,Temp,Olivelli,tolivelli3x@state.tx.us,Genderfluid,Trudoo
143,Inesita,Cruddace,icruddace3y@bizjournals.com,Male,Pixonyx
144,Hersch,Steven,hsteven3z@nymag.com,Polygender,Quamba
145,Gene,Crosetti,gcrosetti40@ca.gov,Genderqueer,Jaxworks
146,Dolly,Sunner,dsunner41@europa.eu,Agender,Oba
147,Duky,Danilov,ddanilov42@liveinternet.ru,Polygender,Myworks
148,Gusella,Valentinetti,gvalentinetti43@shinystat.com,Female,Thoughtstorm
149,Neill,Boothroyd,nboothroyd44@moonfruit.com,Bigender,Vinder
150,Bobinette,Brisley,bbrisley45@telegraph.co.uk,Non-binary,Lazz
151,Phil,Abels,pabels46@devhub.com,Non-binary,Gabtype
152,Geordie,Astlett,gastlett47@dyndns.org,Female,Kazio
153,Verene,Trunby,vtrunby48@admin.ch,Non-binary,Quinu
154,Heloise,Cobley,hcobley49@themeforest.net,Genderqueer,Dazzlesphere
155,Hanni,Bramo,hbramo4a@intel.com,Genderfluid,Gigazoom
156,Marybelle,Stone,mstone4b@canalblog.com,Bigender,Oloo
157,Kriste,Ludgate,kludgate4c@taobao.com,Bigender,Voolia
158,Genia,Crommett,gcrommett4d@auda.org.au,Agender,Skipstorm
159,Woody,Farr,wfarr4e@fotki.com,Genderqueer,Centizu
160,Casper,Willett,cwillett4f@ebay.com,Genderqueer,Eamia
161,Von,Arunowicz,varunowicz4g@google.com.au,Male,Meevee
162,Heall,Dikes,hdikes4h@shutterfly.com,Polygender,Bubblemix
163,Leroi,Touzey,ltouzey4i@123-reg.co.uk,Polygender,Wikizz
164,Silvio,Trebble,strebble4j@bluehost.com,Non-binary,Wordware
165,Philly,Airey,pairey4k@unc.edu,Male,Thoughtmix
166,Reeba,Cloke,rcloke4l@jiathis.com,Genderqueer,Plambee
167,Jilli,Randales,jrandales4m@mysql.com,Male,Browsebug
168,Clare,Moulder,cmoulder4n@printfriendly.com,Genderfluid,Shuffledrive
169,Jemima,Goldstone,jgoldstone4o@europa.eu,Polygender,Pixonyx
170,Genvieve,Fellibrand,gfellibrand4p@simplemachines.org,Genderfluid,Twimm
171,Corrie,Yurikov,cyurikov4q@google.nl,Bigender,Oyonder
172,Bartie,Milkeham,bmilkeham4r@uol.com.br,Polygender,Youbridge
173,Lebbie,Hairsine,lhairsine4s@aol.com,Agender,Bubbletube
174,Pansy,Caller,pcaller4t@wikimedia.org,Agender,Devify
175,Idalina,Ambrosio,iambrosio4u@blog.com,Polygender,Thoughtworks
176,Franny,Gauld,fgauld4v@indiegogo.com,Male,Brainverse
177,Brandise,Vynarde,bvynarde4w@house.gov,Non-binary,Vimbo
178,Kelli,Barrow,kbarrow4x@blogger.com,Bigender,Livetube
179,Morlee,Kupisz,mkupisz4y@last.fm,Genderfluid,Eamia
180,Tally,Venard,tvenard4z@ehow.com,Agender,Zoomzone
181,Paton,Casaccio,pcasaccio50@statcounter.com,Non-binary,Devify
182,Xylina,Orteu,xorteu51@1und1.de,Agender,Feedmix
183,Valera,Brunone,vbrunone52@weather.com,Polygender,Zoombox
184,Collen,Aspinwall,caspinwall53@dailymotion.com,Bigender,Voolia
185,Mariska,Heindrick,mheindrick54@ezinearticles.com,Genderqueer,Zoomzone
186,Irwin,Austing,iausting55@google.com.au,Polygender,Skidoo
187,Zuzana,Giannazzo,zgiannazzo56@netvibes.com,Agender,Youopia
188,Calley,Vaggs,cvaggs57@list-manage.com,Genderfluid,Divavu
189,Carmelia,Regelous,cregelous58@rambler.ru,Genderfluid,Mynte
190,Forest,Digance,fdigance59@ehow.com,Polygender,Twimbo
191,West,Flecknell,wflecknell5a@arstechnica.com,Female,Brainlounge
192,Editha,Wagon,ewagon5b@paypal.com,Agender,Brainbox
193,Remington,Barney,rbarney5c@apache.org,Genderfluid,Buzzster
194,Rolando,Sliman,rsliman5d@t.co,Agender,Oozz
195,Lane,Bailess,lbailess5e@netscape.com,Female,Vidoo
196,Juliann,Taggert,jtaggert5f@indiegogo.com,Male,Vinte
197,Bette,Lars,blars5g@paypal.com,Female,Kwilith
198,Petronia,Heintsch,pheintsch5h@networkadvertising.org,Agender,Voolia
199,Dwight,Castagne,dcastagne5i@goo.gl,Bigender,Feedfire
200,Tris,Mayow,tmayow5j@pcworld.com,Female,Skibox
201,Ashely,Canet,acanet5k@github.com,Genderfluid,LiveZ
202,Marney,Symondson,msymondson5l@photobucket.com,Genderfluid,Realpoint
203,Maiga,Withur,mwithur5m@mail.ru,Polygender,Cogidoo
204,Anthia,Ravens,aravens5n@tiny.cc,Bigender,Myworks
205,Gwenette,Winser,gwinser5o@mozilla.com,Polygender,Livetube
206,Eudora,Gilliatt,egilliatt5p@scientificamerican.com,Genderfluid,Dabshots
207,Benny,MacLardie,bmaclardie5q@weather.com,Genderqueer,Tagcat
208,Jacynth,Dewire,jdewire5r@ucsd.edu,Non-binary,Buzzshare
209,Zorina,Balden,zbalden5s@craigslist.org,Female,Rhynoodle
210,Egbert,Meltetal,emeltetal5t@desdev.cn,Non-binary,Quinu
211,Miltie,Beldon,mbeldon5u@storify.com,Female,Meemm
212,Claude,Oxburgh,coxburgh5v@ca.gov,Bigender,Katz
213,Halsy,Skells,hskells5w@t.co,Polygender,Dablist
214,Lenee,Gundry,lgundry5x@etsy.com,Genderqueer,Zoomlounge
215,Nikolas,Denerley,ndenerley5y@networksolutions.com,Bigender,Quimba
216,Skye,Jestico,sjestico5z@eepurl.com,Male,Wikivu
217,Julina,Gideon,jgideon60@google.com.au,Female,Jabberbean
218,Armin,Revington,arevington61@deliciousdays.com,Non-binary,Ooba
219,Cornelius,Goodwyn,cgoodwyn62@eventbrite.com,Male,Tanoodle
220,Fionna,Giraudot,fgiraudot63@jalbum.net,Genderqueer,Oyondu
221,Zacharia,Kemish,zkemish64@sciencedaily.com,Bigender,Meembee
222,Federica,Longbone,flongbone65@spiegel.de,Male,Photobug
223,Rosie,Badby,rbadby66@gov.uk,Bigender,Teklist
224,Kacy,Foynes,kfoynes67@godaddy.com,Female,Quimba
225,Anne,Cubuzzi,acubuzzi68@house.gov,Genderfluid,Latz
226,Rochette,Dawe,rdawe69@usda.gov,Bigender,Trunyx
227,Jemmy,Speck,jspeck6a@cornell.edu,Agender,Edgeblab
228,Germaine,Kochlin,gkochlin6b@seesaa.net,Bigender,Vimbo
229,Vally,McGrorty,vmcgrorty6c@pagesperso-orange.fr,Genderqueer,Omba
230,Beau,Creddon,bcreddon6d@bbc.co.uk,Polygender,Photolist
231,Des,Armatage,darmatage6e@ebay.com,Bigender,Buzzshare
232,Bartholemy,Lief,blief6f@columbia.edu,Female,Leenti
233,Stearne,Riddiford,sriddiford6g@netvibes.com,Genderfluid,Eidel
234,Selia,Aird,saird6h@uol.com.br,Polygender,Rhycero
235,Irita,Huonic,ihuonic6i@irs.gov,Genderfluid,Jamia
236,Moyna,Raiman,mraiman6j@instagram.com,Agender,Ooba
237,Kally,Farncombe,kfarncombe6k@t.co,Female,JumpXS
238,Oralie,Yeskin,oyeskin6l@discuz.net,Female,Realcube
239,Ilyssa,Gude,igude6m@jimdo.com,Genderfluid,Kaymbo
240,Heidi,Dionisetti,hdionisetti6n@uiuc.edu,Female,Gabspot
241,Pauli,Attwool,pattwool6o@msu.edu,Bigender,Zoomcast
242,Gerry,Billo,gbillo6p@uiuc.edu,Genderfluid,Realblab
243,Dre,Kleszinski,dkleszinski6q@altervista.org,Non-binary,Flashpoint
244,Winona,Mellenby,wmellenby6r@pagesperso-orange.fr,Female,Bubblemix
245,Kerrill,Melton,kmelton6s@istockphoto.com,Non-binary,Chatterbridge
246,Ermentrude,Dudleston,edudleston6t@prweb.com,Female,Rhynoodle
247,Muhammad,Peidro,mpeidro6u@ow.ly,Agender,Rhynyx
248,Bradley,Clayal,bclayal6v@icio.us,Genderfluid,Jazzy
249,Sutherland,Tiery,stiery6w@irs.gov,Genderfluid,Babblestorm
250,Frederik,Grebner,fgrebner6x@google.com.hk,Polygender,Youspan
251,Silvan,Ransfield,sransfield6y@oracle.com,Non-binary,Avavee
252,Wilden,Bastiman,wbastiman6z@google.fr,Genderqueer,Babbleopia
253,Bartlet,Enever,benever70@diigo.com,Non-binary,Einti
254,Torre,Smiley,tsmiley71@usatoday.com,Bigender,Jazzy
255,Ottilie,Doyland,odoyland72@cisco.com,Polygender,Jaloo
256,Clint,Zucker,czucker73@who.int,Male,Topdrive
257,Wylma,Griston,wgriston74@jiathis.com,Female,Thoughtbeat
258,Ian,Franchi,ifranchi75@who.int,Non-binary,Tanoodle
259,Elsi,Gooden,egooden76@cafepress.com,Genderqueer,Aimbu
260,Jonie,Moye,jmoye77@geocities.jp,Female,Ailane
261,Maggie,Doubleday,mdoubleday78@china.com.cn,Polygender,Jabberstorm
262,Daniele,Aylen,daylen79@indiatimes.com,Female,Zooxo
263,Arleyne,Limb,alimb7a@netscape.com,Genderfluid,Wikibox
264,Allianora,Gheorghescu,agheorghescu7b@dmoz.org,Polygender,Twinder
265,Elsa,Bonar,ebonar7c@yahoo.com,Male,Jabbersphere
266,Rock,Pilgram,rpilgram7d@wiley.com,Genderfluid,Yamia
267,Reinold,Fitton,rfitton7e@mysql.com,Genderfluid,Wikizz
268,Nadiya,Beazley,nbeazley7f@kickstarter.com,Polygender,Yadel
269,Ediva,Halley,ehalley7g@zdnet.com,Agender,Flipbug
270,Delmar,Drysdell,ddrysdell7h@psu.edu,Polygender,Yakidoo
271,Cchaddie,Giraudot,cgiraudot7i@networkadvertising.org,Non-binary,Buzzdog
272,Hadrian,Titherington,htitherington7j@eepurl.com,Genderqueer,Mydo
273,Dario,Bosward,dbosward7k@vkontakte.ru,Polygender,Fivechat
274,Romola,Kenzie,rkenzie7l@jigsy.com,Polygender,Gigazoom
275,Burch,Jurkiewicz,bjurkiewicz7m@example.com,Polygender,Dabvine
276,Essa,Cawdell,ecawdell7n@dyndns.org,Male,Thoughtmix
277,Reamonn,Aubray,raubray7o@marriott.com,Female,Dabjam
278,Tracie,Borles,tborles7p@nih.gov,Male,Quinu
279,Teddie,Zucker,tzucker7q@altervista.org,Bigender,Wordify
280,Torrin,Fidelus,tfidelus7r@redcross.org,Bigender,Agivu
281,Tamma,Smallpeice,tsmallpeice7s@squarespace.com,Genderqueer,Wikizz
282,Ancell,Seppey,aseppey7t@blogspot.com,Genderqueer,Yambee
283,Christine,Iverson,civerson7u@phpbb.com,Male,Realbridge
284,Daphna,Risby,drisby7v@xrea.com,Female,Skynoodle
285,Jennifer,Farnill,jfarnill7w@nyu.edu,Polygender,Shuffledrive
286,Darb,Renard,drenard7x@printfriendly.com,Female,Browseblab
287,Nels,Bradman,nbradman7y@vimeo.com,Genderfluid,Tazz
288,Jakie,Rowsel,jrowsel7z@google.co.uk,Male,Gabvine
289,Gladys,Wedmore,gwedmore80@go.com,Polygender,Jamia
290,Mona,Ebunoluwa,mebunoluwa81@ca.gov,Male,Oodoo
291,Merv,Cottee,mcottee82@blogs.com,Male,Devpulse
292,Janella,Belfelt,jbelfelt83@boston.com,Female,Wikizz
293,Astrid,Baldock,abaldock84@xing.com,Female,Flashpoint
294,Dill,Jayes,djayes85@phpbb.com,Polygender,Skidoo
295,Elita,MacGuffog,emacguffog86@discuz.net,Bigender,Cogilith
296,Clayborn,Lambricht,clambricht87@histats.com,Genderqueer,Eazzy
297,Dianne,Nolton,dnolton88@pcworld.com,Genderfluid,Mymm
298,Northrop,Wymer,nwymer89@hatena.ne.jp,Female,Mynte
299,Nadeen,Statton,nstatton8a@redcross.org,Genderqueer,Buzzbean
300,Eduardo,Ockenden,eockenden8b@alibaba.com,Female,Youbridge
301,Donaugh,Ivanishev,divanishev8c@google.com.au,Female,Layo
302,Florinda,Rentelll,frentelll8d@pagesperso-orange.fr,Polygender,Tagpad
303,Obie,Clementet,oclementet8e@wsj.com,Polygender,Ainyx
304,Bond,Ughelli,bughelli8f@github.io,Genderfluid,Skajo
305,Baxy,McMylor,bmcmylor8g@goo.ne.jp,Non-binary,Yodel
306,Ginger,McIlwrath,gmcilwrath8h@stumbleupon.com,Bigender,Rhynyx
307,Jody,Goaks,jgoaks8i@samsung.com,Polygender,Thoughtmix
308,Clementius,Gavigan,cgavigan8j@walmart.com,Genderqueer,Vinder
309,Alisa,Germann,agermann8k@adobe.com,Genderqueer,Youspan
310,Wallie,Mulvenna,wmulvenna8l@microsoft.com,Female,Cogibox
311,Collen,Runcie,cruncie8m@g.co,Genderqueer,Rooxo
312,Torry,Critchley,tcritchley8n@addtoany.com,Female,Aivee
313,Keane,Spink,kspink8o@storify.com,Bigender,Centimia
314,Helen,Rappa,hrappa8p@skyrock.com,Non-binary,Skipfire
315,Gerianna,Maryon,gmaryon8q@home.pl,Polygender,Zooveo
316,Pooh,Godsmark,pgodsmark8r@imgur.com,Bigender,Fivespan
317,Pippa,Pareman,ppareman8s@omniture.com,Genderfluid,Skiptube
318,Carla,Cometti,ccometti8t@imgur.com,Bigender,Nlounge
319,Brew,Ions,bions8u@mysql.com,Agender,Buzzdog
320,Freda,Rosensaft,frosensaft8v@naver.com,Genderqueer,Jabbersphere
321,Lisa,Woolfoot,lwoolfoot8w@wordpress.org,Bigender,Demivee
322,Beryle,Alexandrou,balexandrou8x@furl.net,Non-binary,Kimia
323,Koren,Roath,kroath8y@imgur.com,Non-binary,Edgeblab
324,Derick,Ohms,dohms8z@ycombinator.com,Polygender,Quire
325,Keary,McKoy,kmckoy90@goo.ne.jp,Non-binary,JumpXS
326,Stanislaus,Merryfield,smerryfield91@berkeley.edu,Female,Realbuzz
327,Tonia,Capelle,tcapelle92@slashdot.org,Bigender,Abatz
328,Borg,Reddick,breddick93@ameblo.jp,Non-binary,Jabberbean
329,Albina,Collar,acollar94@istockphoto.com,Genderfluid,Jabbersphere
330,Stillmann,Poynton,spoynton95@archive.org,Male,Skyba
331,Daveen,Rushbury,drushbury96@hatena.ne.jp,Bigender,BlogXS
332,Ward,Bussey,wbussey97@samsung.com,Agender,Mydeo
333,Anthe,Harewood,aharewood98@i2i.jp,Non-binary,Shufflester
334,Dayna,Witnall,dwitnall99@ebay.com,Non-binary,Camido
335,Kacy,Slyde,kslyde9a@shareasale.com,Polygender,Browsedrive
336,West,St. Quentin,wstquentin9b@bluehost.com,Non-binary,Youspan
337,Linnet,Lacase,llacase9c@gov.uk,Polygender,Roomm
338,Devon,Bulpitt,dbulpitt9d@narod.ru,Bigender,Blogtag
339,Marie-jeanne,China,mchina9e@hugedomains.com,Agender,Wikibox
340,Celestina,Eringey,ceringey9f@hc360.com,Male,Innojam
341,Kinnie,MacDermid,kmacdermid9g@webnode.com,Bigender,Blognation
342,Errick,Rarity,erarity9h@ed.gov,Polygender,Feedspan
343,Ramsey,Le Breton De La Vieuville,rlebretondelavieuville9i@exblog.jp,Male,Centizu
344,Lane,Ruberti,lruberti9j@cam.ac.uk,Genderqueer,Brightbean
345,Sammy,Gorry,sgorry9k@dion.ne.jp,Genderfluid,Photobean
346,Ruthanne,Kemster,rkemster9l@hugedomains.com,Non-binary,Yombu
347,Stepha,Lightwing,slightwing9m@xing.com,Female,Eamia
348,Toby,Ireland,tireland9n@altervista.org,Bigender,Skiptube
349,Doralyn,Hallum,dhallum9o@yellowbook.com,Genderqueer,Zoonder
350,Frazier,Kern,fkern9p@vinaora.com,Bigender,Yakitri
351,Isacco,Elcy,ielcy9q@examiner.com,Non-binary,Wordpedia
352,Cissy,Leatham,cleatham9r@digg.com,Bigender,Aimbu
353,Lexis,Ellph,lellph9s@omniture.com,Bigender,Shufflebeat
354,Callie,Billingham,cbillingham9t@issuu.com,Agender,Muxo
355,Robena,Cuningham,rcuningham9u@blogtalkradio.com,Agender,Brightdog
356,Wynny,Yong,wyong9v@pinterest.com,Male,Blogtag
357,Estelle,Demougeot,edemougeot9w@usa.gov,Male,Npath
358,Amalea,Ainslee,aainslee9x@mlb.com,Genderqueer,Edgewire
359,Sydel,Wakely,swakely9y@privacy.gov.au,Polygender,Topicblab
360,Keeley,Theriot,ktheriot9z@blogspot.com,Male,Zoomlounge
361,Zorina,Kedge,zkedgea0@ovh.net,Genderqueer,Photojam
362,Shelton,Trewhella,strewhellaa1@dagondesign.com,Female,Gabtune
363,Jephthah,Malec,jmaleca2@spotify.com,Female,Fivespan
364,Joella,Ricker,jrickera3@chronoengine.com,Genderqueer,Oba
365,Rocky,Onians,roniansa4@google.com.br,Non-binary,Oyoba
366,Dorthy,Brafferton,dbraffertona5@skyrock.com,Bigender,Skimia
367,Florette,Frammingham,fframminghama6@bbc.co.uk,Genderfluid,Mynte
368,Turner,Skelington,tskelingtona7@miitbeian.gov.cn,Male,JumpXS
369,Maura,Peasby,mpeasbya8@usa.gov,Male,Linkbuzz
370,Wolfgang,Leyshon,wleyshona9@msn.com,Female,Skynoodle
371,Howey,De Giorgi,hdegiorgiaa@netscape.com,Agender,Skiptube
372,Elfrieda,Graffin,egraffinab@bbc.co.uk,Polygender,Plambee
373,Netta,Fransoni,nfransoniac@usda.gov,Male,Skajo
374,Saunders,Parton,spartonad@bandcamp.com,Bigender,Jayo
375,Ennis,Tearle,etearleae@eepurl.com,Genderqueer,Topiclounge
376,Cirstoforo,Bourdas,cbourdasaf@wordpress.com,Bigender,Leenti
377,Bill,Oultram,boultramag@techcrunch.com,Non-binary,Dabfeed
378,Gabrielle,Scroggs,gscroggsah@cpanel.net,Male,Trilith
379,Emmeline,Vanes,evanesai@mit.edu,Non-binary,Zoomzone
380,Darya,Ostick,dostickaj@plala.or.jp,Bigender,Avavee
381,Stacia,Pyke,spykeak@so-net.ne.jp,Female,Realcube
382,Weylin,Salzburger,wsalzburgeral@hugedomains.com,Genderfluid,Skippad
383,Beale,Messom,bmessomam@csmonitor.com,Non-binary,Thoughtstorm
384,Barbette,MacLaren,bmaclarenan@time.com,Genderfluid,Bubblebox
385,Amabelle,Rowntree,arowntreeao@wired.com,Female,Realfire
386,Belicia,Paolacci,bpaolacciap@miibeian.gov.cn,Genderfluid,Kwilith
387,Colin,Gatherer,cgathereraq@spiegel.de,Agender,Rhynoodle
388,Murray,Bromage,mbromagear@umn.edu,Male,Jabbercube
389,Salomone,Jelly,sjellyas@themeforest.net,Male,Mymm
390,Dion,Winskill,dwinskillat@creativecommons.org,Female,Dabjam
391,Mitchael,MacConnechie,mmacconnechieau@businesswire.com,Agender,Dabshots
392,Avram,Shapero,ashaperoav@ucoz.com,Agender,Browsezoom
393,Fernanda,Mattosoff,fmattosoffaw@icio.us,Genderqueer,Skinte
394,Elmore,Minucci,eminucciax@virginia.edu,Bigender,Vinte
395,Daveen,Vannucci,dvannucciay@guardian.co.uk,Genderqueer,Oba
396,Arv,Bream,abreamaz@narod.ru,Polygender,Reallinks
397,Carmita,Andrzejowski,candrzejowskib0@usa.gov,Female,Meezzy
398,Madelin,Gabb,mgabbb1@pen.io,Male,Voolith
399,Tammie,Falkner,tfalknerb2@gmpg.org,Agender,Rhybox
400,Shara,O'Halligan,sohalliganb3@bluehost.com,Polygender,Realcube
401,Cyndia,Zelner,czelnerb4@blogspot.com,Genderqueer,Livefish
402,Daile,Pilcher,dpilcherb5@instagram.com,Agender,Leenti
403,Koenraad,Carlett,kcarlettb6@newsvine.com,Non-binary,Topiclounge
404,Shaun,Hinken,shinkenb7@nhs.uk,Bigender,Centimia
405,Derick,Keyho,dkeyhob8@nhs.uk,Female,Latz
406,Marina,Goodee,mgoodeeb9@google.com.br,Non-binary,Pixonyx
407,Ainslie,Tollerton,atollertonba@blogtalkradio.com,Genderfluid,Buzzster
408,Meridel,Hernik,mhernikbb@nytimes.com,Male,Skajo
409,Florence,Diggles,fdigglesbc@state.gov,Polygender,Lajo
410,Rollo,Simonnet,rsimonnetbd@yolasite.com,Genderfluid,Photospace
411,Basilio,Foffano,bfoffanobe@shutterfly.com,Male,Vitz
412,Clay,Rousby,crousbybf@mtv.com,Male,Voomm
413,Boone,Pedley,bpedleybg@delicious.com,Genderqueer,Eidel
414,Dalli,Mearing,dmearingbh@google.it,Male,Babblestorm
415,Jillana,Goalley,jgoalleybi@cnbc.com,Male,Thoughtsphere
416,Arly,Reuter,areuterbj@weibo.com,Polygender,Trilith
417,Marita,Filson,mfilsonbk@constantcontact.com,Genderqueer,Photolist
418,Lorettalorna,Bewfield,lbewfieldbl@google.nl,Polygender,Skiba
419,Farlie,Blackledge,fblackledgebm@yellowbook.com,Non-binary,Fliptune
420,Remington,McRonald,rmcronaldbn@sciencedirect.com,Genderfluid,Izio
421,Gabriele,Gallegos,ggallegosbo@usnews.com,Male,Tekfly
422,Maxim,Loads,mloadsbp@sbwire.com,Agender,Aimbu
423,Julius,Scala,jscalabq@rakuten.co.jp,Female,Thoughtbridge
424,Kellyann,Northeast,knortheastbr@house.gov,Agender,Topiclounge
425,Ruprecht,Leigh,rleighbs@ning.com,Male,Skiba
426,Darline,Wellman,dwellmanbt@yelp.com,Agender,Zoomlounge
427,Sadie,Lobb,slobbbu@1und1.de,Agender,Vipe
428,Jeanna,Largan,jlarganbv@admin.ch,Female,Minyx
429,Tawnya,Halegarth,thalegarthbw@nydailynews.com,Female,Fivebridge
430,Erwin,Simecek,esimecekbx@tumblr.com,Genderfluid,Skimia
431,Emily,Martelet,emarteletby@walmart.com,Female,Dabshots
432,Valentine,Mirfin,vmirfinbz@imageshack.us,Male,Omba
433,Jo-ann,Crotty,jcrottyc0@google.fr,Female,Gabvine
434,Smith,Goldney,sgoldneyc1@businesswire.com,Agender,Kimia
435,Earl,Sheers,esheersc2@php.net,Female,Wordify
436,Shoshana,Brafield,sbrafieldc3@ucla.edu,Agender,Jabbercube
437,Arlena,Tern,aternc4@nydailynews.com,Male,Topiczoom
438,Jamie,McChruiter,jmcchruiterc5@csmonitor.com,Male,Voonte
439,Sibylle,Gallemore,sgallemorec6@baidu.com,Non-binary,Viva
440,Ferris,Cartmell,fcartmellc7@redcross.org,Genderfluid,Agimba
441,Seka,Brasher,sbrasherc8@dyndns.org,Female,Skibox
442,Corenda,Ralls,crallsc9@cdbaby.com,Non-binary,Skiptube
443,Cornelius,Camerati,ccameratica@state.gov,Agender,Meezzy
444,Aldon,Sands,asandscb@clickbank.net,Non-binary,Zoomdog
445,Forest,Breache,fbreachecc@woothemes.com,Genderqueer,Centidel
446,Celle,Ratley,cratleycd@nps.gov,Genderfluid,Gevee
447,Giffer,Lago,glagoce@thetimes.co.uk,Bigender,Babbleopia
448,Thornton,Grain,tgraincf@cbc.ca,Non-binary,Bluezoom
449,Sarita,Wayman,swaymancg@privacy.gov.au,Genderqueer,Linkbridge
450,Bette-ann,Chastang,bchastangch@vkontakte.ru,Genderfluid,Trudoo
451,Roxie,Clewett,rclewettci@army.mil,Agender,Oyondu
452,Locke,Frye,lfryecj@canalblog.com,Genderqueer,Skivee
453,Fraze,Cusiter,fcusiterck@yahoo.co.jp,Agender,Demivee
454,Dollie,Louedey,dlouedeycl@qq.com,Genderqueer,Jaxbean
455,Matty,Gladbach,mgladbachcm@wix.com,Genderfluid,Jayo
456,Brooke,Wyvill,bwyvillcn@topsy.com,Genderqueer,Shufflester
457,Liva,Woodington,lwoodingtonco@baidu.com,Genderqueer,Digitube
458,Sanders,Willden,swilldencp@imageshack.us,Male,Quatz
459,Nonah,Stennet,nstennetcq@sfgate.com,Female,Babblestorm
460,Marlene,Patesel,mpateselcr@networksolutions.com,Male,Aimbu
461,Torre,Macklam,tmacklamcs@discuz.net,Female,Reallinks
462,Theo,Hannibal,thannibalct@slate.com,Female,Jabberstorm
463,Denis,Eustace,deustacecu@artisteer.com,Agender,Bubblemix
464,Gayleen,Dyte,gdytecv@who.int,Bigender,Mydeo
465,George,Clendening,gclendeningcw@scientificamerican.com,Female,Flashspan
466,Zonnya,Blampy,zblampycx@lulu.com,Male,Jazzy
467,Maitilde,Silly,msillycy@slate.com,Polygender,Skimia
468,Demott,Lening,dleningcz@issuu.com,Bigender,Devify
469,Martino,Neligan,mneligand0@amazon.com,Non-binary,Fliptune
470,Boot,Syer,bsyerd1@networkadvertising.org,Non-binary,Edgeblab
471,Marcelia,Resdale,mresdaled2@auda.org.au,Male,Thoughtblab
472,Candi,O'Dowgaine,codowgained3@amazon.co.uk,Male,Tagtune
473,Hersh,Chatwin,hchatwind4@163.com,Agender,Buzzbean
474,Angil,Leander,aleanderd5@about.com,Genderfluid,Jabberbean
475,Luke,Sibille,lsibilled6@msu.edu,Male,Voonder
476,Lorrayne,Booth-Jarvis,lboothjarvisd7@accuweather.com,Male,Blogtags
477,Brande,Vicent,bvicentd8@google.es,Female,Brainbox
478,Dasie,Comben,dcombend9@lycos.com,Polygender,Blogtag
479,Ainslee,Waghorne,awaghorneda@slashdot.org,Female,Edgeblab
480,Wandie,Chalder,wchalderdb@nature.com,Female,Voonyx
481,Dee,Rawsen,drawsendc@w3.org,Agender,Photobean
482,Jacinthe,Sammars,jsammarsdd@nyu.edu,Bigender,Eimbee
483,Tania,Humbatch,thumbatchde@bing.com,Polygender,Abata
484,Mikkel,Lindelof,mlindelofdf@walmart.com,Polygender,Browsedrive
485,Freeman,Jeffryes,fjeffryesdg@google.ca,Polygender,Tazz
486,Louie,Gutman,lgutmandh@alibaba.com,Genderfluid,Riffpedia
487,Nikaniki,Chicchelli,nchicchellidi@bravesites.com,Genderfluid,Browsedrive
488,Mendie,Stork,mstorkdj@businesswire.com,Bigender,Yamia
489,Allie,Sneath,asneathdk@abc.net.au,Bigender,Twinder
490,Quincey,Chittenden,qchittendendl@sourceforge.net,Genderfluid,Devify
491,Elenore,Russon,erussondm@bandcamp.com,Female,Fivebridge
492,Allie,Fogt,afogtdn@gnu.org,Genderqueer,Muxo
493,Christoper,Iles,cilesdo@blogs.com,Agender,Shuffledrive
494,Filmore,O'Cahill,focahilldp@simplemachines.org,Genderfluid,Gigabox
495,Tanny,Gallard,tgallarddq@xing.com,Polygender,Skimia
496,Teena,Giercke,tgierckedr@soundcloud.com,Agender,Oba
497,Gilberto,Whitehead,gwhiteheadds@google.com.br,Non-binary,Kamba
498,Fayre,Anglim,fanglimdt@apple.com,Female,Devpoint
499,Gayle,Niave,gniavedu@mozilla.org,Female,Kanoodle
500,Maxim,Ghiraldi,mghiraldidv@timesonline.co.uk,Genderqueer,Gabcube
501,Amory,Boyson,aboysondw@bizjournals.com,Agender,Babblestorm
502,Sanders,Loadsman,sloadsmandx@nyu.edu,Agender,Oyondu
503,Vyky,Kmiec,vkmiecdy@ucla.edu,Female,Wordpedia
504,Crystie,Widd,cwidddz@virginia.edu,Male,Leexo
505,Marje,Skough,mskoughe0@bluehost.com,Agender,Roombo
506,Rosalind,Slyvester,rslyvestere1@china.com.cn,Bigender,Twitterworks
507,Oralie,Baughan,obaughane2@bravesites.com,Agender,Topicstorm
508,Ericka,Havenhand,ehavenhande3@trellian.com,Bigender,Quaxo
509,Sasha,Mertsching,smertschinge4@jalbum.net,Male,Photolist
510,Monroe,Dagnall,mdagnalle5@vk.com,Polygender,Voomm
511,Kaylee,Coucha,kcouchae6@cargocollective.com,Bigender,Shufflester
512,Kimberli,Hollyard,khollyarde7@friendfeed.com,Male,Mymm
513,Ingrid,Thiem,ithieme8@naver.com,Female,Cogibox
514,Lorraine,Rubanenko,lrubanenkoe9@scribd.com,Polygender,Snaptags
515,Milicent,Itzhak,mitzhakea@naver.com,Polygender,Vipe
516,Gail,Duddell,gduddelleb@dailymail.co.uk,Male,Trilia
517,Florencia,Barttrum,fbarttrumec@de.vu,Bigender,Trilia
518,Koral,Stute,kstuteed@com.com,Bigender,Rhynyx
519,Charmian,Farrants,cfarrantsee@1688.com,Bigender,Vimbo
520,Leandra,Freda,lfredaef@purevolume.com,Female,Skidoo
521,Price,Wilgar,pwilgareg@bloomberg.com,Female,Eidel
522,Obadias,Hembling,ohemblingeh@walmart.com,Genderqueer,Feedfish
523,Gypsy,Pilmore,gpilmoreei@edublogs.org,Polygender,Skyvu
524,Lurette,Willison,lwillisonej@tripod.com,Male,Meembee
525,Lydia,Joule,ljouleek@google.nl,Polygender,Vinte
526,Perceval,Beeble,pbeebleel@ow.ly,Agender,Eayo
527,Reinhold,Lightbody,rlightbodyem@domainmarket.com,Agender,Trudeo
528,Boyd,Hindge,bhindgeen@weibo.com,Polygender,Linklinks
529,Sidonia,McNeil,smcneileo@google.nl,Male,Fliptune
530,Ruthie,Checkley,rcheckleyep@washington.edu,Female,Oyoyo
531,Gunther,Ping,gpingeq@home.pl,Agender,Podcat
532,Carlyle,Jefferies,cjefferieser@devhub.com,Agender,Geba
533,Willow,Ludgrove,wludgrovees@gravatar.com,Non-binary,Voonte
534,Garek,Crickmer,gcrickmeret@simplemachines.org,Genderqueer,Twitterwire
535,Luisa,Sansome,lsansomeeu@stanford.edu,Bigender,Trudeo
536,Arleyne,Huggons,ahuggonsev@vistaprint.com,Female,Voonix
537,Meredith,Hastings,mhastingsew@hhs.gov,Genderfluid,Twimbo
538,Crissie,Doust,cdoustex@cdc.gov,Bigender,Zoomdog
539,Revkah,Shallo,rshalloey@dailymotion.com,Genderqueer,Wordpedia
540,Lise,Egglestone,legglestoneez@live.com,Agender,Devbug
541,Licha,Joynson,ljoynsonf0@deliciousdays.com,Bigender,Kwimbee
542,Royall,Dorot,rdorotf1@twitpic.com,Male,Realcube
543,Roshelle,Setford,rsetfordf2@forbes.com,Female,Jabbercube
544,Shaun,Kerbler,skerblerf3@unicef.org,Non-binary,Brightdog
545,Frances,Leyban,fleybanf4@illinois.edu,Non-binary,Jabberstorm
546,Horacio,Heintsch,hheintschf5@google.ca,Agender,Gabspot
547,Anabal,Aronovich,aaronovichf6@xing.com,Bigender,Camimbo
548,Trula,Gillis,tgillisf7@goo.gl,Female,Mymm
549,Jacki,Sturgeon,jsturgeonf8@wp.com,Polygender,Devpoint
550,Carlota,Bettenson,cbettensonf9@printfriendly.com,Genderfluid,Gigabox
551,Sutton,Snazle,ssnazlefa@mit.edu,Agender,Trudoo
552,Ailene,Wooderson,awoodersonfb@hatena.ne.jp,Male,Devify
553,Ludvig,Daintree,ldaintreefc@yellowpages.com,Female,Meejo
554,Jessie,Eaglen,jeaglenfd@unicef.org,Genderfluid,Kazio
555,Tomasina,Stivey,tstiveyfe@buzzfeed.com,Non-binary,Edgetag
556,Cortie,Munehay,cmunehayff@zdnet.com,Polygender,Feedmix
557,Angelita,Rosenzwig,arosenzwigfg@yellowbook.com,Genderfluid,Livetube
558,Franzen,Casetti,fcasettifh@huffingtonpost.com,Female,Zoomcast
559,Cornell,Giraldon,cgiraldonfi@bbb.org,Bigender,Zava
560,Barty,Leftley,bleftleyfj@soundcloud.com,Genderqueer,Browsebug
561,Larine,Olohan,lolohanfk@whitehouse.gov,Male,Innotype
562,Dicky,Guiducci,dguiduccifl@canalblog.com,Polygender,Zoozzy
563,Archibaldo,Cicero,acicerofm@sourceforge.net,Non-binary,Myworks
564,Audre,Keymar,akeymarfn@nationalgeographic.com,Female,Zoomzone
565,Timoteo,Spare,tsparefo@answers.com,Non-binary,Yabox
566,Sophronia,Moreside,smoresidefp@weibo.com,Female,Rooxo
567,Nial,Dodman,ndodmanfq@apple.com,Agender,Yakijo
568,Felice,Parminter,fparminterfr@answers.com,Non-binary,Zoozzy
569,Maiga,Trewhela,mtrewhelafs@redcross.org,Male,Topicshots
570,Jackson,Brewis,jbrewisft@exblog.jp,Agender,Browsezoom
571,Celestia,Jakubovits,cjakubovitsfu@so-net.ne.jp,Bigender,Livetube
572,Sybilla,Assiter,sassiterfv@example.com,Polygender,Innojam
573,Frederich,Matanin,fmataninfw@artisteer.com,Polygender,Meeveo
574,Corny,Larne,clarnefx@joomla.org,Genderqueer,Mita
575,Gerri,Kubiak,gkubiakfy@msn.com,Polygender,Shufflebeat
576,Meggi,Muat,mmuatfz@japanpost.jp,Agender,Gabtype
577,Dodie,Attree,dattreeg0@globo.com,Female,Yamia
578,Earle,Prynne,eprynneg1@independent.co.uk,Agender,Thoughtstorm
579,Beth,Birkenshaw,bbirkenshawg2@netscape.com,Agender,Ntags
580,Modesta,Stowte,mstowteg3@webmd.com,Non-binary,Eayo
581,Nial,Kernermann,nkernermanng4@about.me,Agender,Ooba
582,Andras,Pembry,apembryg5@comsenz.com,Non-binary,Topicshots
583,Shana,Fraulo,sfraulog6@mapquest.com,Non-binary,Devbug
584,Constance,Chadbourn,cchadbourng7@ibm.com,Non-binary,Fliptune
585,Shirline,Floyed,sfloyedg8@facebook.com,Bigender,Eadel
586,Sula,Longfield,slongfieldg9@tripadvisor.com,Agender,Viva
587,Ogdon,Piscotti,opiscottiga@mediafire.com,Agender,Livepath
588,Shamus,Geall,sgeallgb@gnu.org,Female,Demimbu
589,Terrie,Dunkirk,tdunkirkgc@webmd.com,Female,Teklist
590,Jethro,Jaycocks,jjaycocksgd@g.co,Genderfluid,Photobean
591,Obidiah,Marjot,omarjotge@craigslist.org,Genderfluid,Mudo
592,Darrelle,Hammarberg,dhammarberggf@smh.com.au,Genderqueer,Devify
593,Tate,Klaiser,tklaisergg@vistaprint.com,Non-binary,Skajo
594,Nonnah,Gapper,ngappergh@bandcamp.com,Female,Jabberstorm
595,Florencia,Drust,fdrustgi@mozilla.com,Male,Divavu
596,Yetta,Sellers,ysellersgj@usatoday.com,Agender,Voonder
597,Letisha,Dudbridge,ldudbridgegk@parallels.com,Non-binary,Zoombeat
598,Billie,Novichenko,bnovichenkogl@nhs.uk,Genderqueer,Pixoboo
599,Milo,Plunkett,mplunkettgm@taobao.com,Male,Kayveo
600,Marlie,Poznanski,mpoznanskign@mayoclinic.com,Bigender,Gabvine
601,Fanchette,Janeczek,fjaneczekgo@bluehost.com,Female,Livetube
602,Galvin,Kebbell,gkebbellgp@blog.com,Male,Dazzlesphere
603,Brenda,Lusher,blushergq@webeden.co.uk,Agender,Eabox
604,Roxanna,Deniso,rdenisogr@dell.com,Genderfluid,Mynte
605,Robinson,Shutle,rshutlegs@ow.ly,Genderfluid,Voolith
606,Egan,Klinck,eklinckgt@army.mil,Female,Edgetag
607,Brynne,Pestridge,bpestridgegu@xrea.com,Polygender,Bubbletube
608,Egan,Backshill,ebackshillgv@furl.net,Non-binary,Youspan
609,Ursula,Suett,usuettgw@dot.gov,Female,Katz
610,Sherman,Ruppel,sruppelgx@whitehouse.gov,Non-binary,Jabbertype
611,Cybill,Yakhin,cyakhingy@paginegialle.it,Female,Wordware
612,Simon,Mogenot,smogenotgz@google.co.jp,Bigender,Midel
613,Ivar,Peppin,ipeppinh0@va.gov,Agender,Skipfire
614,Jen,Moxsom,jmoxsomh1@cisco.com,Polygender,Devify
615,Flossy,Dornan,fdornanh2@chron.com,Agender,Eadel
616,Anabal,Roloff,aroloffh3@msu.edu,Bigender,Bubblebox
617,Zachariah,Quinby,zquinbyh4@oracle.com,Female,Nlounge
618,Gabey,Moriarty,gmoriartyh5@zdnet.com,Bigender,Mymm
619,Drake,Wabb,dwabbh6@yellowbook.com,Polygender,Dabvine
620,Lexy,McDugal,lmcdugalh7@vimeo.com,Genderqueer,Oozz
621,Constantin,Bundey,cbundeyh8@hhs.gov,Non-binary,Yabox
622,Stacey,Jeays,sjeaysh9@newyorker.com,Genderqueer,Skibox
623,Viole,Halse,vhalseha@sciencedirect.com,Female,Twiyo
624,Karita,Tratton,ktrattonhb@lycos.com,Polygender,Bubblemix
625,Leigh,Tohill,ltohillhc@yahoo.com,Genderqueer,Yombu
626,Monti,Stookes,mstookeshd@storify.com,Non-binary,Voonix
627,Gerry,Chestnut,gchestnuthe@friendfeed.com,Polygender,Eazzy
628,Celka,Lawther,clawtherhf@geocities.jp,Agender,Edgewire
629,Ebeneser,Huson,ehusonhg@cbslocal.com,Non-binary,Vidoo
630,Barbette,Frie,bfriehh@woothemes.com,Bigender,Wikivu
631,Lydie,Dalligan,ldalliganhi@virginia.edu,Genderqueer,Vinte
632,Rhys,Jentet,rjentethj@photobucket.com,Non-binary,Skibox
633,Pedro,Elwin,pelwinhk@networksolutions.com,Genderqueer,Topicstorm
634,Jennie,Freeborn,jfreebornhl@seattletimes.com,Polygender,Yata
635,Elianora,MacLoughlin,emacloughlinhm@walmart.com,Bigender,Yodo
636,Marnia,McAne,mmcanehn@altervista.org,Female,Digitube
637,Jacinda,Bahde,jbahdeho@patch.com,Bigender,Wordpedia
638,Hervey,Kwiek,hkwiekhp@infoseek.co.jp,Agender,Rhycero
639,Barnett,Pesterfield,bpesterfieldhq@tuttocitta.it,Genderqueer,Jayo
640,Nanon,Riddeough,nriddeoughhr@zimbio.com,Polygender,Twitternation
641,Sinclare,McKeighen,smckeighenhs@sciencedaily.com,Genderqueer,Riffpedia
642,Jedidiah,Rollo,jrolloht@bandcamp.com,Female,Skipfire
643,Merline,Sutherns,msuthernshu@bigcartel.com,Genderqueer,Gigazoom
644,Derrick,Diano,ddianohv@ezinearticles.com,Male,Ailane
645,Cordi,Swoffer,cswofferhw@creativecommons.org,Genderfluid,Tagtune
646,Tim,Sexstone,tsexstonehx@auda.org.au,Agender,Camimbo
647,Emlyn,Olden,eoldenhy@intel.com,Polygender,Brightbean
648,Ilse,Linke,ilinkehz@pinterest.com,Genderfluid,Photobug
649,Reinwald,Planque,rplanquei0@google.fr,Genderfluid,Rhycero
650,Dudley,Baudet,dbaudeti1@japanpost.jp,Polygender,Browseblab
651,Ashien,Tomas,atomasi2@wikimedia.org,Male,Youopia
652,Torie,Boshard,tboshardi3@fc2.com,Bigender,Yakitri
653,Bond,Mohammed,bmohammedi4@ucoz.ru,Male,Livefish
654,Tait,Bruna,tbrunai5@ftc.gov,Genderfluid,Brightbean
655,Sophi,Reynault,sreynaulti6@ning.com,Genderqueer,Innotype
656,Marie,Emblow,memblowi7@constantcontact.com,Non-binary,Edgepulse
657,Elisha,Hedges,ehedgesi8@jimdo.com,Bigender,Skajo
658,Darlleen,Norker,dnorkeri9@illinois.edu,Female,Twimbo
659,Riobard,Grigore,rgrigoreia@godaddy.com,Genderfluid,Skynoodle
660,Brod,Chaffyn,bchaffynib@com.com,Male,InnoZ
661,Yasmeen,Musto,ymustoic@theatlantic.com,Genderqueer,Dabvine
662,Ichabod,Leverentz,ileverentzid@symantec.com,Non-binary,Tekfly
663,Larissa,Dewett,ldewettie@tripod.com,Agender,Aibox
664,Titos,Cossentine,tcossentineif@google.com,Agender,Quamba
665,Westley,Olyfant,wolyfantig@posterous.com,Polygender,Voomm
666,Katya,Plaide,kplaideih@sfgate.com,Polygender,DabZ
667,Mikaela,Nilges,mnilgesii@berkeley.edu,Bigender,Youbridge
668,Sax,Slimon,sslimonij@twitpic.com,Non-binary,Skibox
669,Adriaens,McGurn,amcgurnik@lulu.com,Genderqueer,Chatterpoint
670,Hayyim,Cauderlie,hcauderlieil@bbc.co.uk,Agender,Leexo
671,Antonius,Pietzner,apietznerim@angelfire.com,Female,Kanoodle
672,Bendite,Evensden,bevensdenin@globo.com,Polygender,Thoughtworks
673,Clarance,Mileham,cmilehamio@bizjournals.com,Genderqueer,Fliptune
674,Dionis,Cabrer,dcabrerip@usnews.com,Polygender,Kayveo
675,Rudolph,Dreher,rdreheriq@amazon.co.uk,Non-binary,Yoveo
676,Codee,Driffield,cdriffieldir@cbsnews.com,Bigender,Fivespan
677,Elianora,Lambdean,elambdeanis@edublogs.org,Bigender,Minyx
678,Ursa,Chasteau,uchasteauit@ask.com,Non-binary,Blogtag
679,Maridel,Schaben,mschabeniu@gizmodo.com,Male,Dabjam
680,Earlie,O'Hearn,eohearniv@patch.com,Male,Dazzlesphere
681,Rene,Cahill,rcahilliw@cpanel.net,Agender,Babbleblab
682,Danyelle,Levy,dlevyix@netlog.com,Genderqueer,Twinder
683,Corliss,Broscombe,cbroscombeiy@jiathis.com,Bigender,Jabberbean
684,Jorey,Orry,jorryiz@friendfeed.com,Non-binary,Flipstorm
685,Hillie,Mugford,hmugfordj0@pinterest.com,Bigender,Wordtune
686,Max,Caberas,mcaberasj1@sourceforge.net,Genderfluid,Yambee
687,Michal,Abarough,mabaroughj2@xrea.com,Bigender,Browseblab
688,Lucy,Charkham,lcharkhamj3@miitbeian.gov.cn,Agender,Thoughtmix
689,Grover,Arpin,garpinj4@rediff.com,Female,Voolith
690,Ekaterina,Hoffner,ehoffnerj5@state.tx.us,Polygender,Dabvine
691,Torrey,Moss,tmossj6@timesonline.co.uk,Bigender,Yodoo
692,Margalo,Ghidotti,mghidottij7@marriott.com,Polygender,Dynabox
693,Velvet,Keijser,vkeijserj8@hugedomains.com,Agender,Skipfire
694,Lazar,Arnholz,larnholzj9@home.pl,Male,Topiczoom
695,Wallis,Stennet,wstennetja@washingtonpost.com,Bigender,Pixope
696,Gilligan,Bromhead,gbromheadjb@latimes.com,Genderfluid,Eadel
697,Bride,Kiss,bkissjc@auda.org.au,Genderfluid,Trilith
698,Lonnie,Haglington,lhaglingtonjd@myspace.com,Bigender,Shufflebeat
699,Red,Hordle,rhordleje@aboutads.info,Female,Skiptube
700,Phebe,BoHlingolsen,pbohlingolsenjf@eepurl.com,Bigender,Vidoo
701,Kathye,Cambden,kcambdenjg@businessinsider.com,Female,Skajo
702,Jennine,Yakob,jyakobjh@instagram.com,Male,Innotype
703,Ofelia,MacShirie,omacshirieji@bloomberg.com,Male,Centidel
704,Laurence,Gounod,lgounodjj@ca.gov,Agender,Quaxo
705,Jude,Burgwin,jburgwinjk@comcast.net,Polygender,Riffpedia
706,Cullen,Bowring,cbowringjl@ehow.com,Genderfluid,Eimbee
707,Doris,Brocklebank,dbrocklebankjm@wp.com,Agender,Meedoo
708,Tamar,Marnane,tmarnanejn@lulu.com,Genderfluid,Twinte
709,Lindi,Reyner,lreynerjo@shop-pro.jp,Agender,Jabbertype
710,Natasha,Maxstead,nmaxsteadjp@skype.com,Bigender,Babbleset
711,Robinet,Gepp,rgeppjq@toplist.cz,Polygender,Yodoo
712,Aluino,Tills,atillsjr@narod.ru,Female,Topiczoom
713,Michal,Le Fleming,mleflemingjs@usa.gov,Polygender,Zoovu
714,Ursula,Poat,upoatjt@bbb.org,Bigender,Kwinu
715,Britt,McInnes,bmcinnesju@archive.org,Bigender,Jaloo
716,Norene,Mathissen,nmathissenjv@merriam-webster.com,Bigender,Voonder
717,Carolus,Strangwood,cstrangwoodjw@craigslist.org,Non-binary,Feedfish
718,Baird,Swadlinge,bswadlingejx@reddit.com,Genderqueer,Oba
719,Harriot,O'Geneay,hogeneayjy@skype.com,Genderfluid,Flipstorm
720,Odette,Lissemore,olissemorejz@naver.com,Non-binary,Gabspot
721,Port,Pitford,ppitfordk0@bing.com,Bigender,Youspan
722,Madelene,Thinn,mthinnk1@cam.ac.uk,Male,Realcube
723,Vicky,Ilyenko,vilyenkok2@webeden.co.uk,Agender,Skippad
724,Kathe,Westmacott,kwestmacottk3@vistaprint.com,Male,Rhyloo
725,Brigit,Huikerby,bhuikerbyk4@xinhuanet.com,Male,Feedfish
726,Orelee,Hoonahan,ohoonahank5@slate.com,Polygender,Oyoloo
727,Juliet,Hankin,jhankink6@spotify.com,Bigender,Jabberstorm
728,Clemens,Gasking,cgaskingk7@histats.com,Polygender,Bubblebox
729,Maryann,Zannotti,mzannottik8@posterous.com,Non-binary,Babbleopia
730,Davin,Stanlike,dstanlikek9@youtu.be,Bigender,Eamia
731,Lelah,Seagrove,lseagroveka@oaic.gov.au,Male,Plajo
732,Stephi,Tille,stillekb@chronoengine.com,Genderqueer,Skimia
733,Idalina,Sonier,isonierkc@globo.com,Agender,Abata
734,Edwina,Sparrow,esparrowkd@cpanel.net,Non-binary,Plambee
735,Ernst,Ronchka,eronchkake@linkedin.com,Genderqueer,Feedbug
736,Linnea,Brunroth,lbrunrothkf@example.com,Polygender,Jabbertype
737,Coriss,Stable,cstablekg@loc.gov,Polygender,Roodel
738,Reeba,Pettman,rpettmankh@zdnet.com,Agender,Skidoo
739,Lilllie,Huskinson,lhuskinsonki@webnode.com,Male,Katz
740,Thaine,Poznan,tpoznankj@wired.com,Female,Tagopia
741,Tammi,Petrushanko,tpetrushankokk@europa.eu,Genderqueer,Reallinks
742,Prudence,MacMeanma,pmacmeanmakl@yellowbook.com,Non-binary,Roodel
743,Celia,Berthelmot,cberthelmotkm@ifeng.com,Genderfluid,Kayveo
744,Ryon,Folliss,rfollisskn@edublogs.org,Bigender,Avamm
745,Aluin,Hamflett,ahamflettko@hc360.com,Agender,Mita
746,Andrus,Jedryka,ajedrykakp@desdev.cn,Genderfluid,Oyoloo
747,Obediah,Kilcullen,okilcullenkq@tumblr.com,Female,Rooxo
748,Clayborne,Dioniso,cdionisokr@t-online.de,Male,Realcube
749,Sheelagh,Bridat,sbridatks@blogtalkradio.com,Bigender,Wikido
750,Pen,Beausang,pbeausangkt@weather.com,Polygender,Pixonyx
751,Lanae,Doud,ldoudku@moonfruit.com,Genderqueer,Blogspan
752,Laverne,Dearden,ldeardenkv@1688.com,Genderqueer,Skipfire
753,Liz,Hazeman,lhazemankw@amazon.co.uk,Agender,Yamia
754,Delphine,Leyrroyd,dleyrroydkx@tripadvisor.com,Female,Izio
755,Horatia,Coton,hcotonky@baidu.com,Polygender,Feedspan
756,Orlando,Goldsby,ogoldsbykz@ovh.net,Female,Divanoodle
757,Carlos,Yersin,cyersinl0@washington.edu,Female,Skipfire
758,Gabbi,Mountjoy,gmountjoyl1@latimes.com,Genderqueer,Wikizz
759,Marj,Tolworth,mtolworthl2@dyndns.org,Polygender,Vinte
760,Chicky,Biddell,cbiddelll3@slashdot.org,Polygender,Gigazoom
761,Jaquelin,Sherbrooke,jsherbrookel4@theglobeandmail.com,Agender,Photospace
762,Normy,Mickleburgh,nmickleburghl5@auda.org.au,Polygender,Wikivu
763,Christina,Breen,cbreenl6@sitemeter.com,Bigender,Latz
764,Alis,Colquhoun,acolquhounl7@tuttocitta.it,Genderqueer,Oyoba
765,Faun,Tombs,ftombsl8@booking.com,Male,Dablist
766,Ephraim,Downse,edownsel9@chron.com,Male,Realbridge
767,Keelia,Stother,kstotherla@artisteer.com,Bigender,Yadel
768,Forest,Samson,fsamsonlb@drupal.org,Agender,Ooba
769,Alphonso,Docherty,adochertylc@ca.gov,Polygender,Flashpoint
770,Stinky,Sicely,ssicelyld@bing.com,Bigender,Realfire
771,Coralie,Botterman,cbottermanle@who.int,Male,Eabox
772,Andeee,McNickle,amcnicklelf@ustream.tv,Genderfluid,Livefish
773,Remington,Revens,rrevenslg@google.co.jp,Genderfluid,Tagpad
774,Tamar,Phoenix,tphoenixlh@sbwire.com,Agender,Skajo
775,Archer,Davidson,adavidsonli@technorati.com,Polygender,Tazz
776,Sumner,Detoile,sdetoilelj@sina.com.cn,Polygender,Twinder
777,Livia,Formigli,lformiglilk@engadget.com,Genderqueer,Muxo
778,Rip,Maccaddie,rmaccaddiell@latimes.com,Agender,Pixonyx
779,Cointon,Hayth,chaythlm@guardian.co.uk,Female,Yadel
780,Eydie,Browse,ebrowseln@samsung.com,Genderqueer,Jayo
781,Ania,Manoch,amanochlo@accuweather.com,Genderqueer,Dynava
782,Edgardo,Kilbride,ekilbridelp@1688.com,Male,Gigabox
783,Neils,Hunnable,nhunnablelq@ezinearticles.com,Genderqueer,Kwimbee
784,Luz,Giroldi,lgiroldilr@alexa.com,Genderqueer,Twimbo
785,Zarah,Lobell,zlobellls@dailymotion.com,Genderfluid,Shufflebeat
786,Frederico,Lopez,flopezlt@reuters.com,Male,Thoughtmix
787,Malchy,Ferres,mferreslu@altervista.org,Agender,Snaptags
788,Loren,Southam,lsouthamlv@woothemes.com,Agender,Twinte
789,Jacynth,Siddons,jsiddonslw@skyrock.com,Bigender,Jabbertype
790,Julissa,Menichillo,jmenichillolx@google.co.jp,Female,Shuffletag
791,Leanna,Loosmore,lloosmorely@ustream.tv,Agender,Oodoo
792,Lorens,Crowth,lcrowthlz@wiley.com,Genderqueer,Zoomlounge
793,Ilise,Ranscombe,iranscombem0@comsenz.com,Bigender,Youspan
794,Torrey,Stonary,tstonarym1@jiathis.com,Non-binary,Yodel
795,Anthony,Eager,aeagerm2@cmu.edu,Polygender,Tagcat
796,Rudy,Pridie,rpridiem3@alibaba.com,Male,Bubblemix
797,Hughie,Imesson,himessonm4@mashable.com,Non-binary,Avamm
798,Rosemary,Ceschi,rceschim5@lycos.com,Agender,Meemm
799,Edgar,Macro,emacrom6@nifty.com,Genderqueer,Skinix
800,Lenette,Spehr,lspehrm7@bing.com,Bigender,Yodoo
801,Blake,Hansie,bhansiem8@earthlink.net,Male,Eare
802,Elspeth,Kienlein,ekienleinm9@cisco.com,Non-binary,Cogilith
803,Pacorro,Arnal,parnalma@reuters.com,Male,Voomm
804,Taffy,Linggard,tlinggardmb@posterous.com,Non-binary,Eimbee
805,Anatollo,Cousin,acousinmc@telegraph.co.uk,Bigender,Yakijo
806,Valerye,Voelker,vvoelkermd@over-blog.com,Genderqueer,Wikizz
807,Bastian,Seneschal,bseneschalme@discuz.net,Genderqueer,Plajo
808,Kenon,Benterman,kbentermanmf@github.io,Female,Kwinu
809,Alva,Reynish,areynishmg@abc.net.au,Non-binary,Eire
810,Rhianon,Eliesco,reliescomh@alibaba.com,Female,InnoZ
811,Aurelia,Adamsen,aadamsenmi@blogger.com,Genderqueer,Eare
812,Clemence,Jiggens,cjiggensmj@dot.gov,Agender,Quamba
813,Wit,Prozescky,wprozesckymk@psu.edu,Male,Bubblemix
814,Donny,Windas,dwindasml@1und1.de,Non-binary,Meetz
815,Orran,Feye,ofeyemm@bing.com,Genderqueer,Tavu
816,Miquela,Balston,mbalstonmn@jugem.jp,Agender,Voomm
817,Margaux,Dressell,mdressellmo@1und1.de,Genderfluid,Innotype
818,Lory,Zuann,lzuannmp@indiegogo.com,Male,Livefish
819,Hugues,Marwood,hmarwoodmq@vkontakte.ru,Agender,Edgewire
820,Sonnnie,Ebbers,sebbersmr@nymag.com,Agender,Jaloo
821,Demetre,Pinare,dpinarems@sfgate.com,Female,Npath
822,Rosanne,MacGilmartin,rmacgilmartinmt@gravatar.com,Polygender,Jabberbean
823,Jolynn,Ayres,jayresmu@google.com.au,Genderqueer,Eire
824,Brittney,Harradine,bharradinemv@ovh.net,Bigender,Yodel
825,Warner,Castagnet,wcastagnetmw@yahoo.com,Genderqueer,Aibox
826,Ibby,Stoddard,istoddardmx@intel.com,Bigender,Leexo
827,Willey,Battison,wbattisonmy@economist.com,Genderfluid,Topicshots
828,Lisha,Hyland,lhylandmz@dedecms.com,Male,Thoughtworks
829,Dario,Swaby,dswabyn0@squidoo.com,Male,Thoughtbridge
830,Marga,Borborough,mborboroughn1@myspace.com,Bigender,Gabvine
831,Rudolf,Whittlesea,rwhittlesean2@geocities.com,Polygender,Oyoyo
832,Merla,Legges,mleggesn3@forbes.com,Non-binary,Kimia
833,Thacher,Thornebarrow,tthornebarrown4@accuweather.com,Genderqueer,Livepath
834,Levon,Bakewell,lbakewelln5@pen.io,Male,Demimbu
835,Bradford,Denidge,bdenidgen6@eepurl.com,Female,Linkbuzz
836,Ev,O'Haire,eohairen7@time.com,Agender,Trudeo
837,Hailee,Hayen,hhayenn8@wiley.com,Male,Skimia
838,Ileane,Faustin,ifaustinn9@cnn.com,Genderfluid,Omba
839,Jacqueline,Hainey,jhaineyna@time.com,Genderfluid,Agimba
840,Lemmy,Dybell,ldybellnb@plala.or.jp,Genderfluid,Twinder
841,Danny,Izzard,dizzardnc@nbcnews.com,Agender,Quimm
842,Wittie,Schanke,wschankend@nps.gov,Genderfluid,Skidoo
843,Ty,Marcos,tmarcosne@dmoz.org,Genderqueer,Ntag
844,Allyson,Grigoryov,agrigoryovnf@fda.gov,Agender,Lajo
845,Sheila,Lebarree,slebarreeng@jimdo.com,Polygender,Lazzy
846,Pooh,Hosten,phostennh@t-online.de,Genderfluid,Devshare
847,Beck,Rampling,bramplingni@mysql.com,Agender,Meemm
848,Marlie,Cranfield,mcranfieldnj@csmonitor.com,Agender,Voolith
849,Celeste,Rentenbeck,crentenbecknk@newsvine.com,Agender,Voomm
850,Anderea,Elsmore,aelsmorenl@webeden.co.uk,Male,Cogidoo
851,Adrien,Sivell,asivellnm@webnode.com,Polygender,Bubblemix
852,Harold,Kanter,hkanternn@blogs.com,Female,Geba
853,Mile,McGoldrick,mmcgoldrickno@ifeng.com,Non-binary,Skilith
854,Lynnette,Ferraraccio,lferraraccionp@vinaora.com,Agender,LiveZ
855,Rosco,Tenny,rtennynq@usa.gov,Bigender,Zooveo
856,Roosevelt,Weatherall,rweatherallnr@howstuffworks.com,Agender,Thoughtstorm
857,Lissa,Prium,lpriumns@nsw.gov.au,Non-binary,Plajo
858,Celisse,Fryett,cfryettnt@angelfire.com,Polygender,Kwinu
859,Calla,Crut,ccrutnu@studiopress.com,Genderfluid,Meetz
860,Kelsi,Fidele,kfidelenv@hud.gov,Polygender,Shuffletag
861,Tyrone,Tyrrell,ttyrrellnw@google.ca,Bigender,Zoombox
862,Kalinda,Osichev,kosichevnx@jimdo.com,Male,Chatterpoint
863,Garwood,Orrey,gorreyny@cisco.com,Bigender,Skiptube
864,Nicolle,Caseri,ncaserinz@jimdo.com,Polygender,Voonyx
865,Derek,Antowski,dantowskio0@eventbrite.com,Agender,Fivespan
866,Florella,Griss,fgrisso1@mashable.com,Bigender,Jabbersphere
867,Jacquette,Dudmarsh,jdudmarsho2@blog.com,Agender,Dynazzy
868,Bobina,Sydry,bsydryo3@mediafire.com,Bigender,Divape
869,Joe,Brawn,jbrawno4@istockphoto.com,Female,Riffwire
870,Cindee,Couzens,ccouzenso5@icq.com,Female,Voomm
871,Piotr,MacTerlagh,pmacterlagho6@webeden.co.uk,Bigender,Avamba
872,Jorry,Duffin,jduffino7@cbslocal.com,Genderfluid,Minyx
873,Beniamino,Manford,bmanfordo8@apple.com,Non-binary,Flipstorm
874,Pascal,Fergusson,pfergussono9@taobao.com,Female,Realbridge
875,Jess,Beedle,jbeedleoa@hao123.com,Non-binary,Voonder
876,Marmaduke,Pleass,mpleassob@nih.gov,Female,Wikivu
877,Sandro,Petofi,spetofioc@huffingtonpost.com,Genderfluid,Oyonder
878,Kristien,Winskill,kwinskillod@sina.com.cn,Agender,Kanoodle
879,Evie,Pomfret,epomfretoe@wordpress.org,Genderfluid,Avaveo
880,Aron,Leyland,aleylandof@marketwatch.com,Agender,Devshare
881,Bald,Scolding,bscoldingog@utexas.edu,Agender,Skajo
882,Shaylah,Spargo,sspargooh@yellowbook.com,Genderqueer,Katz
883,Myron,Cattermull,mcattermulloi@usa.gov,Agender,Browsedrive
884,Timmi,Ellen,tellenoj@ted.com,Non-binary,Feedfire
885,Josselyn,Cartledge,jcartledgeok@ftc.gov,Male,Fatz
886,Ally,Robel,arobelol@uiuc.edu,Non-binary,Geba
887,Morie,Patsall,mpatsallom@google.cn,Bigender,Rooxo
888,Tish,Arnet,tarneton@ox.ac.uk,Non-binary,Kanoodle
889,Xena,Audritt,xaudrittoo@bbb.org,Genderqueer,Camimbo
890,Querida,Dugget,qduggetop@toplist.cz,Female,Bubblebox
891,Valenka,Chestney,vchestneyoq@dell.com,Bigender,Skivee
892,Stern,Guidetti,sguidettior@blogtalkradio.com,Female,Wordware
893,Lindi,Zouch,lzouchos@yelp.com,Male,Yakidoo
894,Keely,Towsey,ktowseyot@myspace.com,Male,Mybuzz
895,Ivy,Heppenspall,iheppenspallou@addtoany.com,Female,Jaxspan
896,Liliane,Chinge,lchingeov@irs.gov,Agender,Zava
897,Gracia,Caddick,gcaddickow@nasa.gov,Agender,Skaboo
898,Eleen,Kidney,ekidneyox@google.ca,Agender,Skinder
899,Roda,Mcettrick,rmcettrickoy@newsvine.com,Agender,Blogtags
900,Ulysses,Kidston,ukidstonoz@hao123.com,Genderfluid,Oyonder
901,Aubrey,Myring,amyringp0@go.com,Non-binary,Kwinu
902,Tuck,Edmondson,tedmondsonp1@ycombinator.com,Agender,Rhycero
903,Marcy,Constanza,mconstanzap2@biglobe.ne.jp,Male,Photojam
904,Gareth,Haldenby,ghaldenbyp3@yahoo.co.jp,Genderfluid,Gigashots
905,Henri,Clapp,hclappp4@aol.com,Polygender,Jayo
906,Ancell,Helder,ahelderp5@posterous.com,Agender,Gigazoom
907,Godfry,Mathy,gmathyp6@seesaa.net,Polygender,Flashset
908,Louis,Belding,lbeldingp7@omniture.com,Female,Dabtype
909,Dewey,Duckerin,dduckerinp8@clickbank.net,Non-binary,Skilith
910,Nanci,Mallindine,nmallindinep9@dagondesign.com,Polygender,Shuffledrive
911,Fernando,Ackeroyd,fackeroydpa@skyrock.com,Bigender,Gabspot
912,Saundra,Morilla,smorillapb@ucsd.edu,Agender,Yodoo
913,Talbot,Blunsden,tblunsdenpc@mozilla.org,Polygender,Ntags
914,Domingo,Talks,dtalkspd@chronoengine.com,Bigender,Kayveo
915,Fidelity,Stockney,fstockneype@miibeian.gov.cn,Female,Myworks
916,Andee,Van Der Hoog,avanderhoogpf@hc360.com,Bigender,Centizu
917,Tulley,Dowker,tdowkerpg@about.com,Bigender,Quinu
918,Vanni,Weddup,vweddupph@miibeian.gov.cn,Bigender,Miboo
919,Tiffi,Gowanlock,tgowanlockpi@java.com,Female,Tagpad
920,Iain,Jolland,ijollandpj@unicef.org,Polygender,Eidel
921,Corey,Nolot,cnolotpk@cbsnews.com,Genderqueer,Cogilith
922,Kyle,Allans,kallanspl@parallels.com,Female,Jamia
923,Tudor,Wetherburn,twetherburnpm@redcross.org,Polygender,Roomm
924,Austin,Aloshechkin,aaloshechkinpn@barnesandnoble.com,Male,Skalith
925,Aloise,Ackroyd,aackroydpo@eepurl.com,Non-binary,Realbuzz
926,Kristo,Downton,kdowntonpp@globo.com,Bigender,Jaxbean
927,Glennie,Archbold,garchboldpq@forbes.com,Bigender,Yambee
928,Bruno,Fittall,bfittallpr@list-manage.com,Bigender,Pixope
929,Garek,Bedminster,gbedminsterps@cbsnews.com,Genderqueer,Katz
930,Joey,Rudall,jrudallpt@businesswire.com,Genderfluid,Divape
931,Crissie,De Ruggiero,cderuggieropu@businesswire.com,Bigender,Einti
932,Jose,Giacomoni,jgiacomonipv@printfriendly.com,Female,Realbuzz
933,Krissie,Kelleher,kkelleherpw@cyberchimps.com,Bigender,Youtags
934,Kath,O'Rourke,korourkepx@apache.org,Polygender,Shuffledrive
935,Olenolin,Axelbee,oaxelbeepy@earthlink.net,Non-binary,Meetz
936,Kasper,Divis,kdivispz@miitbeian.gov.cn,Bigender,Realbridge
937,Alysa,Grimstead,agrimsteadq0@constantcontact.com,Non-binary,Camido
938,Shandra,Caplen,scaplenq1@google.co.jp,Agender,Buzzdog
939,Idalia,Ainger,iaingerq2@ftc.gov,Genderfluid,Quatz
940,Jessey,Rolfo,jrolfoq3@twitter.com,Genderfluid,Rhyloo
941,Carlos,Gaitone,cgaitoneq4@tuttocitta.it,Female,Quatz
942,Ansley,Hapgood,ahapgoodq5@zimbio.com,Genderfluid,Skimia
943,Angela,Bushrod,abushrodq6@sphinn.com,Agender,Shufflebeat
944,Erwin,Capineer,ecapineerq7@springer.com,Non-binary,Pixoboo
945,Sukey,Franzen,sfranzenq8@cnbc.com,Female,Skilith
946,Luise,Harrop,lharropq9@msn.com,Non-binary,Jabbertype
947,Ilene,Darey,idareyqa@tinyurl.com,Non-binary,Flipopia
948,Shea,Iacovozzo,siacovozzoqb@wired.com,Female,Photobean
949,Ernaline,Barkaway,ebarkawayqc@house.gov,Genderqueer,Bubbletube
950,Merrily,Isard,misardqd@ustream.tv,Bigender,Browsedrive
951,Aubine,Farnorth,afarnorthqe@ifeng.com,Genderqueer,Mycat
952,Rachelle,Gettins,rgettinsqf@irs.gov,Agender,Brainsphere
953,Christie,Kyme,ckymeqg@alibaba.com,Polygender,Edgeify
954,Ronny,Bond,rbondqh@myspace.com,Female,Pixonyx
955,Ernaline,MacEvilly,emacevillyqi@icq.com,Bigender,Skinte
956,Danielle,McKune,dmckuneqj@dmoz.org,Genderqueer,Lajo
957,Terry,Thomkins,tthomkinsqk@pcworld.com,Genderfluid,Linkbridge
958,Luisa,Rushmer,lrushmerql@123-reg.co.uk,Genderfluid,Trudeo
959,Kane,Gallant,kgallantqm@cpanel.net,Bigender,Ooba
960,Desi,Britee,dbriteeqn@istockphoto.com,Non-binary,Skiba
961,Mahmoud,Tiernan,mtiernanqo@dion.ne.jp,Genderqueer,Yacero
962,Dylan,Mosconi,dmosconiqp@slate.com,Bigender,Zazio
963,Anderson,Blackman,ablackmanqq@is.gd,Bigender,Twinte
964,Pennie,Luchelli,pluchelliqr@cornell.edu,Genderfluid,Buzzster
965,Gabi,Tuiller,gtuillerqs@trellian.com,Female,Edgepulse
966,Brig,Poyser,bpoyserqt@nps.gov,Female,Miboo
967,Arlee,Philipson,aphilipsonqu@icq.com,Non-binary,Eadel
968,Evelyn,Blazy,eblazyqv@bandcamp.com,Male,Eidel
969,Violette,Burree,vburreeqw@state.tx.us,Genderqueer,Ntags
970,Eustacia,Guillem,eguillemqx@google.nl,Non-binary,Viva
971,Marylin,Krauss,mkraussqy@tinyurl.com,Bigender,Roodel
972,Elsinore,Baroche,ebarocheqz@geocities.jp,Agender,Flashpoint
973,Annamarie,Arnolds,aarnoldsr0@omniture.com,Genderfluid,Skimia
974,Harwilll,Toulamain,htoulamainr1@google.com.br,Female,Skidoo
975,Bonita,Furniss,bfurnissr2@nbcnews.com,Female,Photobug
976,Stormi,Lettice,sletticer3@bravesites.com,Agender,Cogibox
977,Jdavie,Cluelow,jcluelowr4@mac.com,Bigender,Brightdog
978,Xenos,Whapham,xwhaphamr5@surveymonkey.com,Genderqueer,Browsecat
979,Rancell,Andryushin,randryushinr6@youtu.be,Polygender,Oyoba
980,Tasia,Harroway,tharrowayr7@google.fr,Genderqueer,Thoughtbridge
981,Obed,Campling,ocamplingr8@yelp.com,Genderqueer,Skinte
982,Tawnya,Tremmel,ttremmelr9@amazon.co.jp,Male,Oyondu
983,Reggis,Jurges,rjurgesra@blog.com,Genderqueer,Wikibox
984,Bennie,Bygott,bbygottrb@sourceforge.net,Polygender,Trudeo
985,Peggi,Rablen,prablenrc@webmd.com,Male,Kazu
986,Lorry,Arend,larendrd@foxnews.com,Agender,Bubblebox
987,Giuseppe,Leneve,glenevere@example.com,Male,Browsebug
988,Carilyn,Shewery,csheweryrf@toplist.cz,Polygender,Wordtune
989,Wendall,Unthank,wunthankrg@unblog.fr,Genderfluid,Skinix
990,Brant,Barratt,bbarrattrh@ihg.com,Genderqueer,Kare
991,Kira,Tilford,ktilfordri@mit.edu,Non-binary,Quire
992,Ali,Salzberg,asalzbergrj@phoca.cz,Genderfluid,Oyoba
993,Genevieve,Ledbury,gledburyrk@vistaprint.com,Genderqueer,Jaxspan
994,Estella,Dimsdale,edimsdalerl@dot.gov,Male,Gabvine
995,Cleo,Carrel,ccarrelrm@rambler.ru,Female,Podcat
996,Eziechiele,Paddefield,epaddefieldrn@tiny.cc,Agender,Jabbersphere
997,Clayborn,Camel,ccamelro@ftc.gov,Male,Rhyloo
998,Raleigh,Griffen,rgriffenrp@stumbleupon.com,Female,Jaxworks
999,Sherlock,Wiggin,swigginrq@seattletimes.com,Bigender,Quatz
1000,Muire,Whiten,mwhitenrr@edublogs.org,Genderfluid,Jatri
